{
"name": "bear",
"flags": {
	"0": { "outline": [[0.24284,0.254345],[0.134844,0.135715],[0.134588,0.135859],[0.0732069,0.195646],[0.033028,0.276417],[0.0307632,0.304514],[0.03491,0.337546],[0.0437154,0.373482],[0.0554263,0.410287],[0.0594123,0.42133]] },
	"1": { "outline": [[0.165079,0.662568],[0.166645,0.66517],[0.41282,0.441061],[0.244523,0.256193],[0.0603307,0.423875],[0.0682899,0.445928],[0.0805532,0.478372],[0.090463,0.505587],[0.100472,0.532911],[0.111609,0.559696],[0.123755,0.585997],[0.136794,0.611872],[0.150608,0.637377]] },
	"2": { "outline": [[0.5828,0.627778],[0.414503,0.44291],[0.16796,0.667354],[0.180089,0.687501],[0.189204,0.701215],[0.199545,0.715322],[0.210454,0.729737],[0.221272,0.744374],[0.23134,0.759148],[0.240001,0.773972],[0.246594,0.78876],[0.249142,0.798136],[0.250369,0.807714],[0.250708,0.817432],[0.250591,0.82723],[0.250451,0.837046],[0.250721,0.846818],[0.251832,0.856486],[0.260153,0.883903],[0.272919,0.900662],[0.279613,0.903788]] },
	"3": { "outline": [[0.665578,0.786556],[0.686347,0.769489],[0.701648,0.758328],[0.584483,0.629626],[0.282067,0.904934],[0.289278,0.908302],[0.308377,0.908363],[0.329365,0.902386],[0.351388,0.891911],[0.373594,0.878477],[0.396189,0.86628],[0.418013,0.859112],[0.439648,0.855624],[0.461681,0.854468],[0.484693,0.854295],[0.50927,0.853756],[0.535995,0.851505],[0.564024,0.846282],[0.587922,0.838513],[0.608859,0.828428],[0.628002,0.816254],[0.646519,0.802221]] }
},
"outline": [[0.487912,0.0298229],[0.514389,0.0282423],[0.540002,0.0319471],[0.564055,0.0405393],[0.585852,0.053621],[0.604698,0.0707942],[0.619896,0.0916609],[0.630751,0.115823],[0.635261,0.132472],[0.63797,0.149556],[0.638828,0.166923],[0.637783,0.184422],[0.634781,0.201903],[0.629773,0.219213],[0.622706,0.236202],[0.621425,0.238864],[0.620158,0.241528],[0.618905,0.244194],[0.617665,0.246863],[0.61644,0.249534],[0.615229,0.252208],[0.614032,0.254885],[0.605487,0.274884],[0.596787,0.297911],[0.589246,0.322748],[0.584178,0.348177],[0.5829,0.372983],[0.586726,0.395947],[0.59697,0.415853],[0.615455,0.431254],[0.640294,0.440881],[0.669343,0.446497],[0.700458,0.449866],[0.731495,0.452754],[0.76031,0.456926],[0.78476,0.464144],[0.806073,0.474636],[0.826029,0.487084],[0.844453,0.501435],[0.86117,0.517636],[0.876006,0.535635],[0.888788,0.55538],[0.89934,0.576818],[0.907926,0.599271],[0.912943,0.61833],[0.913994,0.634448],[0.910679,0.648077],[0.902601,0.659671],[0.889361,0.669682],[0.870561,0.678562],[0.843118,0.689141],[0.815635,0.699836],[0.788361,0.711059],[0.761545,0.723223],[0.735438,0.736741],[0.710289,0.752026],[0.686347,0.769489],[0.665578,0.786556],[0.646519,0.802221],[0.628002,0.816254],[0.608859,0.828428],[0.587922,0.838513],[0.564024,0.846282],[0.535995,0.851505],[0.50927,0.853756],[0.484693,0.854295],[0.461681,0.854468],[0.439648,0.855624],[0.418013,0.859112],[0.396189,0.86628],[0.373594,0.878477],[0.351388,0.891911],[0.329365,0.902386],[0.308377,0.908363],[0.289278,0.908302],[0.272919,0.900662],[0.260153,0.883903],[0.251832,0.856486],[0.250721,0.846818],[0.250451,0.837046],[0.250591,0.82723],[0.250708,0.817432],[0.250369,0.807714],[0.249142,0.798136],[0.246594,0.78876],[0.240001,0.773972],[0.23134,0.759148],[0.221272,0.744374],[0.210454,0.729737],[0.199545,0.715322],[0.189204,0.701215],[0.180089,0.687501],[0.165079,0.662568],[0.150608,0.637377],[0.136794,0.611872],[0.123755,0.585997],[0.111609,0.559696],[0.100472,0.532911],[0.090463,0.505587],[0.0805532,0.478372],[0.0682899,0.445928],[0.0554263,0.410287],[0.0437154,0.373482],[0.03491,0.337546],[0.0307632,0.304514],[0.033028,0.276417],[0.0732069,0.195646],[0.134588,0.135859],[0.209411,0.093574],[0.289915,0.0653092],[0.36834,0.0475835],[0.436924,0.0369152],[0.487908,0.0298229],[0.487908,0.0298229],[0.487909,0.0298229],[0.48791,0.0298229],[0.48791,0.0298229],[0.487911,0.0298229],[0.487911,0.0298229]],
"inputs": [[0.1,0.99706,90.4391],[0.189774,0.997748,90.439],[0.278951,0.998432,90.439],[0.3678,0.999112,90.439],[0.456588,0.999793,90.439],[0.545516,1.00047,90.4391],[0.634516,1.00116,90.4391],[0.722721,1.00183,90.439],[0.812121,1.00252,90.439],[0.9,1.00319,90.439]],
"outputs": [[0.1,-0.0287219,270.018],[0.2,-0.0286905,270.018],[0.3,-0.0286592,270.018],[0.4,-0.0286278,270.018],[0.5,-0.0285964,270.018],[0.6,-0.028565,270.018],[0.7,-0.0285337,270.018],[0.8,-0.0285023,270.018],[0.9,-0.0284709,270.018]],
"icon": [[0.332445,0.123588],[0.526845,0.317988]]
}