{
"name": "mnp_volcano",
"flags": {
	"0": { "outline": [[0.0440055,-0.0554159],[0.0628926,-0.031807],[0.0817798,-0.00819812],[0.100667,0.0154108],[0.119554,0.0390197],[0.138441,0.0626286],[0.157328,0.0862375],[0.159158,0.0882436],[0.161208,0.0899804],[0.16345,0.0914336],[0.165853,0.0925888],[0.168388,0.0934317],[0.171025,0.0939479],[0.173734,0.0941232],[0.182157,0.0941232],[0.19058,0.0941232],[0.19383,0.0941232],[0.168863,-0.11316],[0.0415242,-0.11316],[0.0344909,-0.111991],[0.0286424,-0.108799],[0.0242058,-0.104057],[0.021408,-0.0982355],[0.0204762,-0.0918083],[0.0216373,-0.0852473],[0.0251184,-0.0790247]] },
	"1": { "outline": [[0.224273,0.0941232],[0.232696,0.0941232],[0.236238,0.0944231],[0.23962,0.0952963],[0.242782,0.0967025],[0.245663,0.0986018],[0.248201,0.100954],[0.250336,0.103719],[0.252007,0.106857],[0.268215,0.144675],[0.284423,0.182494],[0.30063,0.220312],[0.316838,0.25813],[0.333046,0.295949],[0.343861,0.321183],[0.287895,-0.11316],[0.177506,-0.11316],[0.16927,-0.11316],[0.19394,0.0941232],[0.199004,0.0941232],[0.207427,0.0941232],[0.21585,0.0941232]] },
	"2": { "outline": [[0.83983,-0.11316],[0.721435,-0.11316],[0.712161,-0.11316],[0.743547,0.221216],[0.744322,0.22021],[0.74576,0.218684],[0.747345,0.217308],[0.749066,0.216093],[0.750912,0.215051],[0.761107,0.209954],[0.771301,0.204856],[0.781496,0.199759],[0.79169,0.194661],[0.801885,0.189564],[0.812079,0.184467],[0.822274,0.179369],[0.823561,0.178669],[0.824793,0.177883],[0.825965,0.177015],[0.827073,0.176068],[0.828113,0.175046],[0.829082,0.173952],[0.829975,0.17279],[0.853856,0.139343]] },
	"3": { "outline": [[1.01042,-0.0799382],[1.01043,-0.0799382],[1.01044,-0.0799382],[1.01045,-0.0799382],[1.01046,-0.0799382],[1.01047,-0.0799382],[1.01048,-0.0799382],[1.01049,-0.0799382],[1.01357,-0.086157],[1.01444,-0.0926057],[1.01332,-0.0988519],[1.01043,-0.104463],[1.006,-0.109006],[1.00025,-0.112049],[0.993398,-0.11316],[0.857417,-0.11316],[0.83983,-0.11316],[0.854067,0.139047],[0.855753,0.136686],[0.881532,0.100582],[0.90731,0.0644777],[0.933089,0.0283737],[0.958867,-0.00773023],[0.984645,-0.0438342]] }
},
"outline": [[1.01042,-0.0799382],[0.984645,-0.0438342],[0.958867,-0.00773023],[0.933089,0.0283737],[0.90731,0.0644777],[0.881532,0.100582],[0.855753,0.136686],[0.829975,0.17279],[0.829082,0.173952],[0.828113,0.175046],[0.827073,0.176068],[0.825965,0.177015],[0.824793,0.177883],[0.823561,0.178669],[0.822274,0.179369],[0.812079,0.184467],[0.801885,0.189564],[0.79169,0.194661],[0.781496,0.199759],[0.771301,0.204856],[0.761107,0.209954],[0.750912,0.215051],[0.749066,0.216093],[0.747345,0.217308],[0.74576,0.218684],[0.744322,0.22021],[0.743041,0.221873],[0.741929,0.223663],[0.740996,0.225567],[0.724442,0.264194],[0.707888,0.302821],[0.691333,0.341448],[0.674779,0.380075],[0.658225,0.418701],[0.64167,0.457328],[0.625116,0.495955],[0.623445,0.499093],[0.62131,0.501858],[0.618772,0.50421],[0.615891,0.506109],[0.61273,0.507516],[0.609347,0.508389],[0.605805,0.508689],[0.586258,0.508689],[0.566711,0.508689],[0.547164,0.508689],[0.527617,0.508689],[0.50807,0.508689],[0.488523,0.508689],[0.468975,0.508689],[0.465174,0.508343],[0.46157,0.507341],[0.458235,0.505736],[0.455242,0.503579],[0.452664,0.500923],[0.450574,0.49782],[0.449044,0.494322],[0.444489,0.48066],[0.439935,0.466998],[0.435381,0.453335],[0.430827,0.439673],[0.426273,0.42601],[0.421719,0.412348],[0.417165,0.398685],[0.415635,0.395188],[0.413544,0.392085],[0.410967,0.389429],[0.407974,0.387272],[0.404639,0.385666],[0.401034,0.384664],[0.397233,0.384319],[0.395453,0.384319],[0.393673,0.384319],[0.391893,0.384319],[0.390113,0.384319],[0.388333,0.384319],[0.386553,0.384319],[0.384773,0.384319],[0.381231,0.384019],[0.377848,0.383146],[0.374687,0.38174],[0.371806,0.37984],[0.369268,0.377488],[0.367133,0.374723],[0.365462,0.371585],[0.349254,0.333767],[0.333046,0.295949],[0.316838,0.25813],[0.30063,0.220312],[0.284423,0.182494],[0.268215,0.144675],[0.252007,0.106857],[0.250336,0.103719],[0.248201,0.100954],[0.245663,0.0986018],[0.242782,0.0967025],[0.23962,0.0952963],[0.236238,0.0944231],[0.232696,0.0941232],[0.224273,0.0941232],[0.21585,0.0941232],[0.207427,0.0941232],[0.199004,0.0941232],[0.19058,0.0941232],[0.182157,0.0941232],[0.173734,0.0941232],[0.171025,0.0939479],[0.168388,0.0934317],[0.165853,0.0925888],[0.16345,0.0914336],[0.161208,0.0899804],[0.159158,0.0882436],[0.157328,0.0862375],[0.138441,0.0626286],[0.119554,0.0390197],[0.100667,0.0154108],[0.0817798,-0.00819812],[0.0628926,-0.031807],[0.0440055,-0.0554159],[0.0251184,-0.0790247],[0.0216373,-0.0852473],[0.0204762,-0.0918083],[0.021408,-0.0982355],[0.0242058,-0.104057],[0.0286424,-0.108799],[0.0344909,-0.111991],[0.0415242,-0.11316],[0.177506,-0.11316],[0.313488,-0.11316],[0.44947,-0.11316],[0.585453,-0.11316],[0.721435,-0.11316],[0.857417,-0.11316],[0.993398,-0.11316],[1.00025,-0.112049],[1.006,-0.109006],[1.01043,-0.104463],[1.01332,-0.0988519],[1.01444,-0.0926057],[1.01357,-0.086157],[1.01049,-0.0799382],[1.01048,-0.0799382],[1.01047,-0.0799382],[1.01046,-0.0799382],[1.01045,-0.0799382],[1.01044,-0.0799382],[1.01043,-0.0799382]],
"inputs": [[0.1,0.4997,115.61],[0.184,0.539964,112.832],[0.271204,0.571781,106.938],[0.361373,0.593984,100.46],[0.45353,0.605441,93.5611],[0.546365,0.605497,86.5076],[0.638535,0.59415,79.6061],[0.728729,0.572047,73.1224],[0.815965,0.540318,67.2221],[0.9,0.500129,64.4408]],
"outputs": [[0.1,-0.230032,270.018],[0.2,-0.230001,270.018],[0.3,-0.229969,270.018],[0.4,-0.229938,270.018],[0.5,-0.229906,270.018],[0.6,-0.229875,270.018],[0.7,-0.229844,270.018],[0.8,-0.229812,270.018],[0.9,-0.229781,270.018]],
"icon": [[0.38,0.0116659],[0.62,0.251666]]
}